{"cameraMode":{"drawMode":0,"name":"Shaded","section":"Shading Mode"},"sceneLighting":false,"audioPlay":false,"sceneViewState":{"m_AlwaysRefresh":false,"showFog":true,"showSkybox":false,"showFlares":true,"showImageEffects":true,"showParticleSystems":true,"showVisualEffectGraphs":true,"m_FxEnabled":true},"in2DMode":false,"pivot":{"x":0.7887499332427979,"y":1.0849510431289673,"z":1.0192818641662598},"rotation":{"x":0.1010858416557312,"y":-0.8530948162078857,"z":0.17995679378509522,"w":0.4791995882987976},"size":0.17320507764816285,"orthographic":false}